date,revenue,profit,region,product
2026-01-05,120000,24000,North,Product A
2026-01-15,95000,18000,South,Product B
2026-02-04,135000,29000,North,Product A
2026-02-18,112000,21000,West,Product C
2026-03-07,148000,35000,East,Product A
2026-03-22,126000,26000,South,Product B
2026-04-06,154000,37000,North,Product D
2026-04-20,131000,28000,West,Product C
2026-05-08,166000,42000,East,Product A
2026-05-24,143000,30000,South,Product D
2026-06-10,172000,45000,North,Product A
2026-06-25,151000,33000,West,Product B
2026-07-09,181000,48000,East,Product D
2026-07-23,159000,35000,South,Product C
2026-08-11,194000,52000,North,Product A
2026-08-27,168000,38000,West,Product D
2026-09-12,187000,47000,East,Product B
2026-09-28,174000,40000,South,Product A
